level,category,title,download_url
Anuban,Scope & Sequence,K1 – Scope & Sequence,https://drive.google.com/uc?id=1gpsPyuM_c8XxK_aG5tkIOYb4huz64mOC&export=download
Anuban,Scope & Sequence,K2 – Scope & Sequence,https://drive.google.com/uc?id=1cM33p--xcM1PLCb4DI9l1goA2kzw4XLP&export=download
Anuban,Scope & Sequence,K3 – Scope & Sequence,https://drive.google.com/uc?id=16uH20OyzGbf-8lBjzJcFsitO-cnGHfhS&export=download
Anuban,Activity Plans,K1 – Activity Plans,https://drive.google.com/uc?id=1ZkH7kb3Uu8doZV2tOsI2y-hj3ckKocQi&export=download
Anuban,Activity Plans,K2 – Activity Plans,https://drive.google.com/uc?id=1FWVsXxckDxxCYqYnRvPdzOFGVER6SEu7&export=download
Anuban,Activity Plans,K3 – Activity Plans,https://drive.google.com/uc?id=1yPLPXPIJPh6_oJVVL4rbGOgLU_LmnWUR&export=download
Anuban,Flashcards,K1 – Flashcards,https://drive.google.com/uc?id=15p3PG49TO98bGtCGRSSy3j64yAsdTSwG&export=download
Anuban,Flashcards,K2 – Flashcards,https://drive.google.com/uc?id=1FDt_V123LWiCN5-phRjfH_NaCDrcE_9k&export=download
Anuban,Flashcards,K3 – Flashcards,https://drive.google.com/uc?id=1fmrCcDM0F0OVg3Z3MiOVxIw1ypy2uvBB&export=download
Anuban,Other Resources,Anuban Songs,https://drive.google.com/drive/folders/1NdHfz0SNsfntX70fYSsehEeTVzGLiJIL?usp=sharing
Anuban,Other Resources,Teacher's Admin Files,https://drive.google.com/drive/folders/1vTHe9pp7jaLBnjC2_2pVjrRMYLIV3M-p?usp=sharing
Prathom,Scope & Sequence,P1 – Scope & Sequence,https://drive.google.com/uc?id=13KvJtbvXvveDXI-6NrWxkwKtlKXrMHCm&export=download
Prathom,Scope & Sequence,P2 – Scope & Sequence,https://drive.google.com/uc?id=1R3MlCZ2ZFnWtXFRUGfFftAL6aD7gpCf7&export=download
Prathom,Scope & Sequence,P3 – Scope & Sequence,https://drive.google.com/uc?id=1_jIapVGFDnmIuXYffpiiozcF20FB4LpV&export=download
Prathom,Scope & Sequence,P4 – Scope & Sequence,https://drive.google.com/uc?id=1__Df16jwY0O1l4PD2uSIzGhmzmc0G05v&export=download
Prathom,Scope & Sequence,P5 – Scope & Sequence,https://drive.google.com/uc?id=1lqgsORF57VKA10dcGV2SbfLi0meFBtQw&export=download
Prathom,Scope & Sequence,P6 – Scope & Sequence,https://drive.google.com/uc?id=1DLyWMA_4p6feqth0NH-e5pw7mCuMyomP&export=download
Prathom,Activity Plans,P1 – Activity Plans,https://drive.google.com/uc?id=1MDy0wQKNitqUiQXhUiBvkROueSYPQbk1&export=download
Prathom,Activity Plans,P2 – Activity Plans,https://drive.google.com/uc?id=15Xv1GghbKZv3WG4pDRBCeVZ_SEo9p9xx&export=download
Prathom,Activity Plans,P3 – Activity Plans,https://drive.google.com/uc?id=16iueDRCxuhz9rT4gLSIidhafA_gEuH8G&export=download
Prathom,Activity Plans,P4 – Activity Plans,https://drive.google.com/uc?id=1iT0nLF7pX6f0krSSQaPsIR56tFGlAyPQ&export=download
Prathom,Activity Plans,P5 – Activity Plans,https://drive.google.com/uc?id=16072NCtnBohfOt8DcBVZwT1rOF3G2pZ9&export=download
Prathom,Activity Plans,P6 – Activity Plans,https://drive.google.com/uc?id=1zCPMDeby5kFzTfWNZJtH8ozPr7ilCnUq&export=download
Prathom,Unit Tests,P1 – Unit Tests,https://drive.google.com/uc?id=16roz39d92GeXhUKabuv-Jl4yguGRpZc-&export=download
Prathom,Unit Tests,P2 – Unit Tests,https://drive.google.com/uc?id=1iafLzyhFC9SihT2q-ZTl3epQjfYVaB3L&export=download
Prathom,Unit Tests,P3 – Unit Tests,https://drive.google.com/uc?id=1KlwaOu7JjXhMhtHwhy26pYqO2lptn3S3&export=download
Prathom,Unit Tests,P4 – Unit Tests,https://drive.google.com/uc?id=1wrPg8pS7MN42Wk3l3WyqppF74TMS1INt&export=download
Prathom,Unit Tests,P5 – Unit Tests,https://drive.google.com/uc?id=1r93yZqJXm_QN6W7Y5DkS1c5jN9_yFgdQ&export=download
Prathom,Unit Tests,P6 – Unit Tests,https://drive.google.com/uc?id=125Gx5nsKQAC5Q6wg1XDdiiy26iIeGLgt&export=download
Prathom,Flashcards,P1 – Flashcards,https://drive.google.com/uc?id=1PXRH2ncDqcjeufZfiMlQlPqLULGzL5No&export=download
Prathom,Flashcards,P2 – Flashcards,https://drive.google.com/uc?id=1h7qK8S88Z-jA5LFcunQtJQ-4MP8UNOMB&export=download
Prathom,Flashcards,P3 – Flashcards,https://drive.google.com/uc?id=1PMX59vXe-Y1970vqQNWw5-9eLFTQu4i8&export=download
Prathom,Flashcards,P4 – Flashcards,https://drive.google.com/uc?id=1CL5lEZZ6SkfpCFNpDz2PAMNXkIeHLlFc&export=download
Prathom,Flashcards,P5 – Flashcards,https://drive.google.com/uc?id=14zl74vd4O0Xhylihqn3qm9VnPyOe3zP1&export=download
Prathom,Flashcards,P6 – Flashcards,https://drive.google.com/uc?id=17HSRQ7QOXz_hLqDFY_icP0llkgbgThqN&export=download
Prathom,Lesson Plans,P1 – Lesson Plans,https://drive.google.com/drive/folders/18fa7dA4SdotXRFmLxZDR163qdASgfjhZ
Prathom,Lesson Plans,P2 – Lesson Plans,https://drive.google.com/drive/folders/18jei-ccAbx4b4xUzDDZ8H2PKw_I2yNeh
Prathom,Lesson Plans,P3 – Lesson Plans,https://drive.google.com/drive/folders/14VcMK7qKR1esC7HrsaHmaT6S_wgp_Gtg
Prathom,Lesson Plans,P4 – Lesson Plans,https://drive.google.com/drive/folders/1ixVOR8RDpYPDj7XLtcouH4O475tHH_pM
Prathom,Lesson Plans,P5 – Lesson Plans,https://drive.google.com/drive/folders/1_jkXgmmD2xILQFV0ptyP5zQN2n010TDr
Prathom,Lesson Plans,P6 – Lesson Plans,https://drive.google.com/drive/folders/1bw4MCw-UyveR0yk4ZEbiEgw7J4u9Gj1l
Prathom,Other Resources,Prathom Songs,https://drive.google.com/drive/folders/1El4y0zR9yEK853CyyHod1tzgJ3Uwoqyn?usp=sharing
Prathom,Other Resources,Teacher's Admin Files,https://drive.google.com/drive/folders/1vTHe9pp7jaLBnjC2_2pVjrRMYLIV3M-p?usp=sharing
Mathayom,Scope & Sequence,M1 – Scope & Sequence,https://drive.google.com/uc?export=download&id=1378jECRNkYjoXPfOh6tSPA6LMi18nO9c
Mathayom,Scope & Sequence,M2 – Scope & Sequence,https://drive.google.com/uc?export=download&id=1h2g_KWkA3F-4nKWVqYgLqkf_nA-rPXpg
Mathayom,Scope & Sequence,M3 – Scope & Sequence,https://drive.google.com/uc?export=download&id=1uWt8917k9AkZS65ikBLepi6Uzhp0fuvC
Mathayom,Scope & Sequence,M4 – Scope & Sequence,https://drive.google.com/uc?export=download&id=15zzS6WkPYTG0k1QW2Vyg9Jy8PZja8uDh
Mathayom,Scope & Sequence,M5 – Scope & Sequence,https://drive.google.com/uc?export=download&id=1TMwufJ4J4TuK1ChyqYlYYZGxtsSHsi1c
Mathayom,Scope & Sequence,M6 – Scope & Sequence,https://drive.google.com/uc?export=download&id=11eDMa9OlmkRwQtHlucLNCx7WxEdf6xsU
Mathayom,Activity Plans,M1 – Activity Plans,https://drive.google.com/uc?id=1CikrXckkuJmaQwvlnN-UEsXgOat_a8_L&export=download
Mathayom,Activity Plans,M2 – Activity Plans,https://drive.google.com/uc?export=download&id=1KkKW0HZarGVo6rMUMJRrOXrGJupOf1Uw
Mathayom,Activity Plans,M3 – Activity Plans,https://drive.google.com/uc?export=download&id=1gJGRUiCSuIeC7hNMPBpgNEK-Jo03ra72
Mathayom,Activity Plans,M4 – Activity Plans,https://drive.google.com/uc?export=download&id=100H_BPAPBxlm9PkdyDdTBtQyLMMLT3G4
Mathayom,Activity Plans,M5 – Activity Plans,https://drive.google.com/uc?export=download&id=1_9OSvUU036WWBN8fsXExKmw0AjAExmA7
Mathayom,Activity Plans,M6 – Activity Plans,https://drive.google.com/uc?export=download&id=1bbrtBPU4y8WuqMGtrzeySiwYYv-1MS1w
Mathayom,Unit Tests,M1 – Unit Tests,https://drive.google.com/uc?export=download&id=1POkhd7CpC8uyRz3FNz4UvTRsujQkVH6r
Mathayom,Unit Tests,M2 – Unit Tests,https://drive.google.com/uc?export=download&id=1TlFhsc_T6Am2HG01MXORhwfgLhiYjjEt
Mathayom,Unit Tests,M3 – Unit Tests,https://drive.google.com/uc?export=download&id=1tiEob2xSy15p5_S1_so3GVibatQSYR9W
Mathayom,Unit Tests,M4 – Unit Tests,https://drive.google.com/uc?export=download&id=1M_K2D-JUtUuIfloABu28qr0Lv3H7i0sw
Mathayom,Unit Tests,M5 – Unit Tests,https://drive.google.com/uc?export=download&id=1kBGFjPjMi023e07TMF_NHQZsECYDw9yC
Mathayom,Unit Tests,M6 – Unit Tests,https://drive.google.com/uc?export=download&id=14JJjQcmNlYx69K2WNgCF3N3KQpMwty7g
Mathayom,Flashcards,M1 – Flashcards,https://drive.google.com/drive/folders/1w8Kw-J2bYunhcY4bTmSumOljTJOPDp44?usp=drive_link
Mathayom,Flashcards,M2 – Flashcards,https://drive.google.com/drive/folders/1VJEyWOD8hh0TIQTFuAnRhz3ywB-J4ktp?usp=drive_link
Mathayom,Flashcards,M3 – Flashcards,https://drive.google.com/drive/folders/1k-RbGbUwhb1L_3ZZwRcvS6GFD55th_cG?usp=drive_link
Mathayom,Flashcards,M4 – Flashcards,https://drive.google.com/drive/folders/1BBPc2GfTTzDT74kMyjfxqbpS6KNViM-u?usp=drive_link
Mathayom,Flashcards,M5 – Flashcards,https://drive.google.com/drive/folders/15cPMNWOErioQ6vOmRFDpBRjpxdDYS_PD?usp=drive_link
Mathayom,Flashcards,M6 – Flashcards,https://drive.google.com/drive/folders/1YvVagrsFiFydRqp7Kk8WAneFimd85uBY?usp=drive_link
Mathayom,Lesson Plans,M1 – Lesson Plans,https://drive.google.com/drive/folders/1A5RgJPIvZ4GxBCgTlzUTrOaUe4CKISxj
Mathayom,Lesson Plans,M2 – Lesson Plans,https://drive.google.com/drive/folders/1GwTeoaIkvI4fsgfN3eNVZH398JqVOheJ
Mathayom,Lesson Plans,M3 – Lesson Plans,https://drive.google.com/drive/folders/15MG2Vs3MhB7J_pycri9ZBtvR9gcVDJ7h
Mathayom,Lesson Plans,M4 – Lesson Plans,https://drive.google.com/drive/folders/1FQdWC6WCpbfiKuGHuZN9EVVH1IeWwvLz
Mathayom,Lesson Plans,M5 – Lesson Plans,https://drive.google.com/drive/folders/1UUGqj4ab2Zx6blCuc5dKky0Kd_vri8G2
Mathayom,Lesson Plans,M6 – Lesson Plans,https://drive.google.com/drive/folders/1WGWO9AywLNZ9UYs9q6l-tcvakRWUWoy5
Mathayom,Other Resources,Project Ideas,https://drive.google.com/uc?id=1hMgC7iiRxfD_uW1Q0JEgts_kABtH-Rh_&export=download
Mathayom,Other Resources,Mathayom Songs,https://drive.google.com/drive/folders/1-IpN1hG1FvMBygowVFzLY33Bme0zwdJm?usp=sharing
Mathayom,Other Resources,Teacher's Admin Files,https://drive.google.com/drive/folders/1vTHe9pp7jaLBnjC2_2pVjrRMYLIV3M-p?usp=sharing
